username,userid,profile_location,created_at,text,retweet_count,source,coordinates
Spencer Scott,289738537,"Scottsdale, AZ",2023-01-24 04:51:37,@Seahawks after watching highlights I have revised my earlier thoughts. @TrentonSimpson_ and Lukas Van Ness would l‚Ä¶ https://t.co/mYQOhX7oSK,0,Twitter for iPhone,
bob ruger,1350444829,"Peoria, Az",2023-01-23 12:04:39,"@Joe_Fann Ha ha, unlikely #seahawks sigh Smith. Serviceable QBs on rookie contracts is  the preferable option. Pay attention",0,Twitter for iPad,
Kurtis,1489305024773636096,Peoria,2023-01-23 05:30:25,"Man, all I heard all week. Every fucking day. Through discords and Twitter feeds. Cowboys +4. Cowboys +4. Bet Cowbo‚Ä¶ https://t.co/2qeodrSEto",0,Twitter for iPhone,
Astoban‚òÑÔ∏è,1432262524607492099,Phoenix,2023-01-23 04:35:50,@Dur7nt @wsgseajay Better than any qb the Seahawks have ever had.,0,Twitter for iPhone,
Andrew Black,1427626791724793859,"Phoenix, AZ",2023-01-23 02:06:24,"Remember when Zeke would run over Kam Chancellor etc got paid, lost weight and now is ‚Ä¶ this‚Ä¶ @Seahawks",0,Twitter for iPhone,
Andrew Black,1427626791724793859,"Phoenix, AZ",2023-01-23 01:53:52,Ok well‚Ä¶ obviously they want the 49ers to win this one‚Ä¶ @Seahawks,0,Twitter for iPhone,
JM,1503053723861282823,"Phoenix, AZ",2023-01-22 23:53:41,Funny story of why I‚Äôm a 49ers fan. So I moved from Colombia to Alaska when I was 11. Everyone up there was a Seaha‚Ä¶ https://t.co/mZs4Qz8tZf,0,Twitter for iPhone,
Brian Miller,36662150,"Goodyear, AZ",2023-01-22 23:42:40,@robstaton Are they? The Bills are in the same place as the Seahawks after just playing a team with a QB on  rookie deal!!,0,Twitter for iPhone,
Kevin,248511770,"Phoenix, AZ",2023-01-22 23:11:53,@dms91 said the same thing about the seahawks and chargers !,0,Twitter for iPhone,
Sneakatoke,129605255,"Phoenix, AZ",2023-01-22 22:37:20,I HATE THIS SHIT!!!! First the #Seahawks and‚Ä¶. Fuck.  #BillsMafia https://t.co/OERd1sVjBJ,0,Twitter for iPhone,
Sneakatoke,129605255,"Phoenix, AZ",2023-01-22 21:53:48,And still can‚Äôt stand him or his dumb commercials. #BillsMafia #Seahawks https://t.co/4N9tq8p48N,0,Twitter for iPhone,
Shawna Hudson,167094063,"Phoenix, AZ",2023-01-22 20:08:45,@BridgetteCrowdr She‚Äôs always like it‚Äôs an experience lol I‚Äôm like no seeing the Seahawks was cold enough for me,0,Twitter for iPhone,
G,818268400673660929,"Phoenix, AZ",2023-01-21 20:51:30,"@barstoolsports As a packers fan, this is brutal to watch! LOL I didn‚Äôt realize how bad some of those games ended. Seahawks game woof",0,Twitter for iPhone,
Ky,3854226074,"Phoenix, AZ",2023-01-21 20:49:50,@ThugginCargo @JFowlerESPN @AdamSchefter Pretty identical. Might I add Seahawks have a more recent SB win. https://t.co/foI3JIgWXD,0,Twitter for iPhone,
Ky,3854226074,"Phoenix, AZ",2023-01-21 20:32:49,@FootballGirlAna @JFowlerESPN @AdamSchefter Would you be mad as a Seahawks fan if they brought in Lamar somehow?,0,Twitter for iPhone,
Bill AlvstadüéôÔ∏è,1195324231,"Phoenix, AZ",2023-01-20 19:04:45,"3.
2/37: TE Michael Mayer: 6'4""/265lbs and runs potentially a sub 4.5 forty. He's the strongest, quickest, best han‚Ä¶ https://t.co/lF5yAo6ggR",0,Twitter Web App,
Bill AlvstadüéôÔ∏è,1195324231,"Phoenix, AZ",2023-01-20 19:04:44,"Thread: 1
Seahawks Mock Draft 2.0 / Best Player Available Addition. You probably won't like it.
1/5: QB C.J Stroud:‚Ä¶ https://t.co/jmtzTZeRJM",0,Twitter Web App,
Gabe Owens,3241638373,"Surprise, AZ",2023-01-20 18:48:52,"@NyjMike Seahawks also got:

Cross, starting LT
Lucas, starting RT
Mafe, rotational DE, started a couple games
Bryant, Starting Slot Corner",0,Twitter Web App,
Andrew Black,1427626791724793859,"Phoenix, AZ",2023-01-20 17:12:23,Isn‚Äôt it weird to wear gear of a World Series or Super Bowl your team LOST?  I just can‚Äôt‚Ä¶ @Seahawks https://t.co/OyylrHGX1J,0,Twitter for iPhone,
Sea Hawkers Booster Club,2426338740,"Seattle, WA",2023-01-20 15:18:13,Happy Blue Friday 12's! #GoHawks #12sEverywhere #Seahawks https://t.co/Ag75WB4VkK,3,Twitter for Android,
Best of the West,1450247642600984580,Phoenix,2023-01-20 02:49:12,Seahawks All-Pro kicker Jason Myers signs a 4-year $21.1 million extension. Myers made 34/37 field goals and 41/42‚Ä¶ https://t.co/ElDxETHw4v,1,Twitter Web App,
Jos√© M. Romero,30504157,PHX ,2023-01-19 23:28:32,"Glad for Carthon. To think he was once an  undrafted player trying to make the Seahawks roster all those years ago,‚Ä¶ https://t.co/40HA8lgzBh",0,Twitter Web App,
Damian Adams,48442826,"Phoenix, AZ",2023-01-19 20:00:27,@Romello185 @droppedballspod Teams winning their division with 8 wins or less has happened enough to make a change.‚Ä¶ https://t.co/bcysW49L1W,0,Twitter for Android,
Andrew Black,1427626791724793859,"Phoenix, AZ",2023-01-19 17:19:53,"I would NEVER pay Sean Payton top dollar, he literally wasted Brees career, Brees set every qb record almost and ha‚Ä¶ https://t.co/gbrCvlaIs6",0,Twitter for iPhone,
Ryan Guercio,1275839222495076352,"Phoenix, AZ",2023-01-19 06:06:53,@JayDizzyD The Seahawks lol,0,Twitter for iPhone,
Ryan Guercio,1275839222495076352,"Phoenix, AZ",2023-01-19 06:06:31,@DeeksViewOG Cmon man. Niners cowboys bills aren‚Äôt all top defenses? Parsons and Bosa aren‚Äôt top 5 players at their‚Ä¶ https://t.co/OmbpKe3Ghw,0,Twitter for iPhone,
M.J.F,435309442,"Scottsdale, AZ",2023-01-18 22:56:18,"@SeahawksLegends @Seahawks This was a horrible game, it was good for 5 minutes",0,Twitter for iPhone,
Randy Obeir,1068189315619008512,"Phoenix, AZ",2023-01-18 21:35:17,@benbbaldwin Better season than the Seahawks,0,Twitter for iPhone,
Brad Denny,110845234,"Phoenix, AZ",2023-01-18 19:25:49,"Hey @NFL, please schedule the Steelers at Seahawks game for Oct. 22 &amp; their Rams trip for Nov. 12. 

Thanks in advance for your cooperation.",1,TweetDeck,
Paul,1335403015226978305,"Phoenix, AZ",2023-01-18 18:35:56,@LandonGibson @Saintjohnbutler Vikings has to be on that list along with Rams and Seahawks. Do you remember those playoff games?,0,Twitter for iPhone,
Paul,1335403015226978305,"Phoenix, AZ",2023-01-18 18:35:15,"@Saintjohnbutler Seahawks, Vikings, 49ers, Rams (LA &amp; STL) and of course Cowboys.",0,Twitter for iPhone,
Bill AlvstadüéôÔ∏è,1195324231,"Phoenix, AZ",2023-01-18 17:38:52,Do you prefer to WATCH your Seahawks content on YouTube? We've got you covered. Hit that subscribe button for 3-sho‚Ä¶ https://t.co/yszfKLS0Bq,0,Twitter Web App,
Bill AlvstadüéôÔ∏è,1195324231,"Phoenix, AZ",2023-01-18 17:38:52,"Listen and subscribe to the best off-season #Seahawks  podcast! 3-shows each week! 
@HawksPlaybook @MyersNFL‚Ä¶ https://t.co/NuAmpkzYjf",3,Twitter Web App,
Phoenix Bulls,1553872930517397504,"Phoenix, AZ",2023-01-18 17:11:58,@YardofWar @AaronRodgers12 Seahawks,0,Twitter for Android,
Sea Hawkers Booster Club,2426338740,"Seattle, WA",2023-01-18 15:49:37,@The33rdTeamFB Seahawks have 5th,0,Twitter for Android,
Reuben Juarez,501406814,"Phoenix, AZ",2023-01-18 03:46:38,To them #Seahawks fans üòÇ #FTTB üò§ üåÅ https://t.co/sQoBTRbtL0,0,Twitter for iPhone,
Unwanted_nibba,1006992153665363968,"Phoenix, AZ",2023-01-18 03:35:47,"@ruanmcfc Rams are
1-1 vs Niners 
2-0 vs Cardinals 
2-0 vs Seahawks",0,Twitter for Android,
Nick,1853323032,"Phoenix, AZ",2023-01-18 00:05:11,"@nfldraftscout Seahawks dont get comp pick if desai goes to browns for coordinator position, correct?",0,Twitter for iPhone,
Blake Allen Murphy,407329611,"Phoenix, AZ",2023-01-17 21:21:28,"It‚Äôs a difficult balancing act, for sure‚Ä¶you have positives (see the Seahawks winning a Super Bowl with Russ and th‚Ä¶ https://t.co/EbYUgQjOPv",0,Twitter for iPhone,
Blake Allen Murphy,407329611,"Phoenix, AZ",2023-01-17 17:27:36,@hawkblogger I think at this point the hope for both Cards and Seahawks fans is that 2 QB's go at picks 1 and 2 ver‚Ä¶ https://t.co/NZytVsgzQA,0,Twitter Web App,
Bill AlvstadüéôÔ∏è,1195324231,"Phoenix, AZ",2023-01-17 16:26:29,"Listen, watch and subscribe to our YouTube Channel!

Seahawks Playbook Podcast Episode 405: Season Recap Show - The‚Ä¶ https://t.co/0ViojBL9h3",1,Twitter Web App,
Bill AlvstadüéôÔ∏è,1195324231,"Phoenix, AZ",2023-01-17 16:23:55,Come and join the growing numbers of listeners as we enter our 7th year and over 400 episodes! @MyersNFL‚Ä¶ https://t.co/VkS2BQ6ooQ,2,Twitter Web App,
Gabe Owens,3241638373,"Surprise, AZ",2023-01-17 14:23:22,"@DavyPhockett So, you've never met a Seahawks fan?  =)",0,Twitter Web App,
Bennie Benjamin,203803713,"Phoenix, AZ",2023-01-17 14:06:06,"@Wah_Wuh_Wee_Wah @thecyclingoran1 @Realrclark25 They put up 41 on the Seahawks genius, thats more than 35",0,Twitter for iPhone,
Janoya14,1340954508294164483,"Glendale, AZ",2023-01-17 11:02:05,"@BarstoolPhilly Seahawks,Raiders,Cowboys, Cardinals and Rams",0,Twitter for Android,
Paige Dimakos,71282326,"Scottsdale, AZ ",2023-01-17 04:26:21,"Updated #NFLDraft2023
orderüëá

19. Buccaneers
20. Seahawks
21. Chargers
22. Ravens
23. Vikings",4,TweetDeck,
üá∫üá∏ zay ward üá©üá∞,1428983053,"Phoenix, AZ",2023-01-16 22:52:53,@BDPeacock For those saying Seahawks are too young to grow up in the Dal/9ers rivalry.,0,Twitter for iPhone,
Brian Miller,36662150,"Goodyear, AZ",2023-01-16 21:39:19,@Dan_Winiarski @KMiksovsky @cougsgo Then under this logic why not draft a QB1 and play him Day 1 on a rookie deal a‚Ä¶ https://t.co/sg5IW3wf8o,0,Twitter for iPhone,
Bill AlvstadüéôÔ∏è,1195324231,"Phoenix, AZ",2023-01-16 20:33:21,"Begin your off-season with us. 

3 shows each week through the draft! 

@MyersNFL @HawksPlaybook @PigskinPodNet‚Ä¶ https://t.co/8LsvhA9Cxx",1,Twitter Web App,
KP,233611676,"Phoenix, AZ",2023-01-16 20:03:23,Kyle Shanahan had the Seahawks in a torture chamber all day but this call was a üíé and a new wrinkle that he hasn‚Äôt‚Ä¶ https://t.co/vvRBLuUB8P,11,Twitter for iPhone,
Bennie Benjamin,203803713,"Phoenix, AZ",2023-01-16 19:06:34,@JCerasuolo @PatMcAfeeShow Seahawks season is over thanks to him. stop watching,0,Twitter for iPhone,
Sysco,1594471447895777280,"Phoenix, AZ",2023-01-16 16:38:53,@espn Seahawks boutta pick him up,0,Twitter for iPhone,
Chavez Batboy,768695381836169216,"Phoenix, AZ",2023-01-16 15:17:59,@PatMcAfeeShow @NFL The nfl knew the niners would beat the brakes off the Seahawks hence the garbage start time. No‚Ä¶ https://t.co/59YE2qnsm6,0,Twitter for iPhone,
azcentral sports,16615190,"Phoenix, AZ",2023-01-16 14:20:00,"""The #AZCardinals, in a NFC West seemingly controlled by the San Francisco 49ers and budding Seattle Seahawks group‚Ä¶ https://t.co/r09s7kI6yL",0,SocialNewsDesk,
Ryan Watson,780675576,,2023-01-16 06:35:42,"44. Seahawks select Jahmyr Gibbs, RB, Alabama, 5‚Äô11‚Äù, 200, 4.32

53. Tuli Tuipulotu, USC, DL/EDGE, 6‚Äô4‚Äù 290

84. He‚Ä¶ https://t.co/DVGLqE9wqs",0,Twitter for iPhone,
Ryan Watson,780675576,,2023-01-16 06:33:07,"13.Seahawks select Tyree Wilson, EDGE, Texas Tech, 6‚Äô6‚Äù, 275, 4.7

20.Seahawks select Trenton Simpson, LB, Clemson,‚Ä¶ https://t.co/uQTltCezk6",0,Twitter for iPhone,
Ryan Watson,780675576,,2023-01-16 06:32:11,"The Way too early Seahawks Mock Draft

5.Seahawks trade back to 9 with Panthers for the 40th overall pick(For Strou‚Ä¶ https://t.co/4TGsHUjTen",0,Twitter for iPhone,
jason kollack,1927056985,Scottsdale Az,2023-01-16 03:36:02,That is the single dumbest play ive ever seen in history of football!!!! Way dumber than the Seahawks throwing on t‚Ä¶ https://t.co/cdDtiCyige,0,Twitter Web App,
Tylon Williams,1563564084779290625,"Phoenix, AZ",2023-01-16 03:17:33,Thank you @GenoSmith3 for an incredible season this year setting the franchise record in Seahawks history and being‚Ä¶ https://t.co/58TD4I5c4f,1,Twitter for iPhone,
Tylon Williams,1563564084779290625,"Phoenix, AZ",2023-01-16 03:12:33,See you soon 12s I‚Äôll try to attend one game üîµüü¢ I‚Äôm sad this season it‚Äôs already over but I look forward to the fut‚Ä¶ https://t.co/QH1KJbkms1,0,Twitter for iPhone,
Hannah Hamilton,1556468272945475584,"Phoenix, AZ",2023-01-16 01:16:19,@Seahawks @dkm14 @PeteCarroll @GenoSmith3 BYE LOSERS,0,Twitter for iPhone,
Colin Jordan,36869938,"Scottsdale, AZ",2023-01-15 23:43:18,"@TheSFNiners @Purd0me This is example 2,456 of why I hate the Seattle Seahawks and their fans",0,Twitter for iPhone,
Jonathaniel Daniel,2956799239,"Phoenix, AZ",2023-01-15 23:04:49,"@garrettedwards_ @Seahawks @Toyota Nah I have nothing against Geno or the team, just the social media intern for be‚Ä¶ https://t.co/buEV6sRlqM",0,Twitter for iPhone,
Deon Johnson,52219783,"Phoenix, AZ",2023-01-15 21:56:27,#NFL # Playoffs #49ers vs #Seahawks https://t.co/5fwZLcBWMy,1,Periscope,
Gary Williams,1083442650995257344,"Surprise, AZ",2023-01-15 21:16:17,"@GhostRobo Agreed, but we should‚Äôve beaten the Seahawks when we did",0,Twitter for iPhone,
Mic Tyson,1385782634324713477,"Phoenix, AZ",2023-01-15 21:14:15,Seahawks vs 49ers #nfl #highlights #football #playoffs #fttb #Seahawks  #commentary #lol #brockpurdy #genosmith‚Ä¶ https://t.co/AvLSUGaXhI,51,Twitter for iPhone,
Scott Picard,89263761,"Scottsdale, AZ",2023-01-15 20:49:22,@NYSportsBiz @MitchSchwartz71 My point is just saying you can‚Äôt compare bills bengals to Seahawks Niners.,0,Twitter for iPhone,
Colton Phillips-Koch,1182878656558845953,"Phoenix, AZ",2023-01-15 19:52:48,@doulbedoink Remember when the Seahawks were up at half against the niners? Wonder how the rest of that one played out,0,Twitter for iPhone,
Scott Picard,89263761,"Scottsdale, AZ",2023-01-15 19:13:44,@NYSportsBiz @MitchSchwartz71 Let me ask you this. Would you rather be down 1 score and have to comeback against th‚Ä¶ https://t.co/LSIplKjZxd,0,Twitter for iPhone,
CDF,1043678180,Glendale Arizona ,2023-01-15 19:12:16,"@CorbinSmithNFL @Locked_Seahawks Hell yeah they can, he‚Äôs good enough to make the throws he has to. The rest of the‚Ä¶ https://t.co/pcAViwQK0W",0,Twitter for iPhone,
John Spielmann ‚öìÔ∏èüóΩüåµ,562505379,"Sun City West, Arizona",2023-01-15 19:11:43,@raincityseries Worse than Philly fans? I don‚Äôt think so. Try going to an Eagles game at the Lincoln wearing Seahaw‚Ä¶ https://t.co/uVn46kUgFM,0,Twitter for iPad,
Scott Picard,89263761,"Scottsdale, AZ",2023-01-15 19:05:19,@NYSportsBiz @MitchSchwartz71 I think there‚Äôs a huge difference between the bengals and Seahawks. Being down 7-3 to‚Ä¶ https://t.co/Pemr12SCWw,0,Twitter for iPhone,
Scott Picard,89263761,"Scottsdale, AZ",2023-01-15 18:48:26,@MitchSchwartz71 @NYSportsBiz Just the biggest difference is you‚Äôre comparing the Seahawks to the bengals.,0,Twitter for iPhone,
ShaneNFL,1569089793753231360,"Phoenix, AZ",2023-01-15 17:41:41,"Might be burning money here, but took #Dolphins +13.5. Just seems like a TON of points.

Of course, #49ers wrecked‚Ä¶ https://t.co/iO7swL3AUg",0,Twitter Web App,
Bill AlvstadüéôÔ∏è,1195324231,"Phoenix, AZ",2023-01-15 17:39:43,"Seahawks fans, are you looking to keep the discussion going all off-season? 

Seahawks Playbook Podcast is the answ‚Ä¶ https://t.co/0IFxBZuef2",1,Twitter for Android,
Showtime#28,636799113,,2023-01-15 16:54:32,The moment we knew the Seahawks Fd up @49ers #FTTB https://t.co/u9gePua5cZ,0,Twitter for iPhone,
M.T. Bade,960756080,"Phoenix, AZ",2023-01-15 16:48:43,@gbellseattle Only Seahawks fans would think getting rid of a QB with a ~70% completion rate and a passer rating of‚Ä¶ https://t.co/NMyRVRaT06,0,Twitter for Android,
Sneakatoke,129605255,"Phoenix, AZ",2023-01-15 16:33:10,He‚Äôs our QB!! @GenoSmith3 looking forward to seeing how much you and the team have improved next season!! #GoHawks‚Ä¶ https://t.co/iQstjoxHkv,0,Twitter for iPhone,
Eddie_G2 üá∫üá∏,73752146,"Phoenix, AZ",2023-01-15 15:41:02,You deserve it #Seahawks üèÜ https://t.co/h3stxYfq2r,0,Twitter for iPhone,
Capt_Dino (Gaby) ü¶ïüîû,1328856051064573952,Outer Space,2023-01-15 15:25:36,@TheRealBTW1 Probably cuz ur a Seahawks fan ü§£ https://t.co/BeEmZZXvix,0,Twitter for Android,
Reuben Juarez,501406814,"Phoenix, AZ",2023-01-15 06:13:17,Mooove bih get out the way @Seahawks üóëÔ∏è https://t.co/CJnfuESdk5,0,Twitter for iPhone,
Dwayne Walton,317508621,"Phoenix, AZ",2023-01-15 05:29:56,Brock Purdy sinks Seahawks with 4 TDs in playoff debut https://t.co/BZBTCet9fz #MrIrrelevant #WildCardWeekend,0,Twitter Web App,
Hannah Hamilton,1556468272945475584,"Phoenix, AZ",2023-01-15 04:54:28,@Seahawks @12s STOP POSTING GO HOME AND BE QUIET,0,Twitter for iPhone,
Sean Bowers,126102382,"Phoenix, AZ",2023-01-15 04:49:23,"@EmmanuelAcho 85 Bears, 00 Ravens, 02 Bucs, 13 Seahawks, 15 Broncos.",0,Twitter for Android,
Hannah Hamilton,1556468272945475584,"Phoenix, AZ",2023-01-15 04:44:17,@minakimes Seahawks are üóë,0,Twitter for iPhone,
Preston Thymes,2411372797,"Scottsdale, AZ",2023-01-15 04:30:53,"My job is playing one of my all-time California soft rock love songs rn and im in total disbelief üòç

#NinerGang‚Ä¶ https://t.co/b7gUFLMzo7",0,Twitter for Android,
Jared Brandt,41120942,Phoenix,2023-01-15 04:09:57,@_Tariqwoolen @Seahawks @12s Thank you Tariq. Thank. You.,0,Twitter for iPhone,
Ryan Watson,780675576,,2023-01-15 03:51:44,@tuna_pig @BenKaplanTV @broncobadger @PeteCarroll @Seahawks Have fun in 2024,0,Twitter for iPhone,
DT in PHX,76126939,"Goodyear, AZ",2023-01-15 03:51:39,@NorbCam @Seahawks Jewish space lasers.,0,Twitter for iPhone,
Reuben Juarez,501406814,"Phoenix, AZ",2023-01-15 03:49:38,At the beginning of the game they had @wizkhalifa on tv and he said him and @dkm14 do the same workouts and at that‚Ä¶ https://t.co/TvqrSmYEFH,0,Twitter for iPhone,
Jacob Alvord,935007457,"Phoenix, AZ",2023-01-15 03:28:16,@NotSaulGoodMan_ @gray_or_grey @NFL @Seahawks Ad hominem,0,Twitter for Android,
Vik Puri,1544516182367031296,"Phoenix, AZ",2023-01-15 03:25:39,How much is Paul Allen‚Äôs passing and Seattle turning into Woke Cesspit factoring in Seahawks performance? https://t.co/pM0ItzGp41,0,Twitter for iPhone,
Hannah Hamilton,1556468272945475584,"Phoenix, AZ",2023-01-15 03:12:12,@Seahawks @Toyota You‚Äôre üóë,0,Twitter for iPhone,
·¥±·µõ·µÉ‚Åø ü´•,1349454421390893056,"Phoenix, AZ",2023-01-15 02:34:02,@jacobsports12 Tbh Seahawks played a elite team and had nothing to lose,0,Twitter for iPhone,
Arizona Sports,21514559,"Phoenix, Arizona",2023-01-15 02:30:38,"Purdy good from the Valley native!
https://t.co/7i6mwZtI2a",1,TweetDeck,
J Shirk,1528842607,"Peoria, AZ",2023-01-15 02:30:23,@_Tariqwoolen @Seahawks @12s Thank you for a fantastic season.  Can‚Äôt wait to watch and root for you for years to come!!!!,0,Twitter for iPhone,
Preston Thymes,2411372797,"Scottsdale, AZ",2023-01-15 02:11:59,"So proud AZ boy and Gilbert Perry High alum @brockpurdy13
for ballin' tf out for #49ers on the big stage as a rooki‚Ä¶ https://t.co/9xWdG2AF5B",0,Twitter for Android,
Ernie Green „ÄΩÔ∏è,25042074,"Scottsdale, AZ",2023-01-15 02:05:10,This looks like the defensive game plan Seahawks had against Peyton in SB,0,Twitter for iPhone,
Robert Boas,1518701008381116416,"Goodyear, AZ",2023-01-15 02:04:06,@BIrvin_WVU11 @Seahawks Thank you for all the effort!,0,Twitter for iPhone,
Bennie Benjamin,203803713,"Phoenix, AZ",2023-01-15 01:57:54,Shame on the NFL for putting this game on Saturday night football. Niners Seahawks is at least a rivalry game and s‚Ä¶ https://t.co/3iGnIaFQdL,0,Twitter for iPhone,
Craig Wells,1493372912736210944,"Phoenix, AZ",2023-01-15 01:47:11,@ForestFolfer @FootballLearn1 @WFIncitePodcast Yeah well they struggled against the Seahawks to get that one. What‚Ä¶ https://t.co/EEHCVYHgUp,0,Twitter for Android,
Gabe Owens,3241638373,"Surprise, AZ",2023-01-15 01:46:34,Hey nice season Seahawks high-five.,0,Twitter for iPhone,
"Dr. Brandin Francabandera, Ph.D.",315014273,"Phoenix, AZ",2023-01-15 01:41:06,@Seahawks This did not age well.,0,Twitter for Android,
RealRwfort,1077579977753690112,"Phoenix, AZ",2023-01-15 01:35:37,Rams-Seahawks refs under heavy scrutiny: 'Worst officiated game of the year' https://t.co/OAZ6a7YqV9 via @nypostsports,0,Twitter for iPad,
Gavin Hite,278681758,"Scottsdale, Arizona",2023-01-15 01:35:16,Seattle Kraken picking up for the Seahawks. WOW,0,Twitter Web App,
NICELOOKKNOX,30025032,PHX,2023-01-15 01:26:04,Seahawks got smoked ! üö¨,0,Twitter for iPhone,
xJoooKeR,99889402,"Phoenix, AZ",2023-01-15 01:21:26,@RealSkipBayless what wild chances? lmao every guy he threw to was wide open. seahawks made it so easy for him,0,Twitter Web App,
Mike Jurecki,61579489,"Phoenix, AZ",2023-01-15 01:20:24,Turnovers get magnified in the postseason just ask the Seahawks in the second half. (2),0,Twitter for iPhone,
Moose,983215685244338178,"Maryvale, AZ",2023-01-15 01:19:57,Y‚Äôall really thought the Seahawks could do it?? üòÇüòÇ I sure the hell didnt,0,Twitter for iPhone,
brando,1439936978,Yay area,2023-01-15 01:16:06,FUCK SEAHAWKS FANS WASHINGTON SUCKS,0,Twitter for iPhone,
Paolo Mottola Sr,14642577,"Phoenix, AZ",2023-01-15 01:14:46,@ZachMiller86 No way refs were going to let #Seahawks win all sports are a #scam,0,Twitter for iPhone,
#SabonersForSabonis üåµ,3113311443,"Phoenix, AZ",2023-01-15 01:13:02,@Chase_Everett_ @Seahawks That was an awesome song during my McClatchy HS days in the 90's..,0,Twitter for Android,
ü¶à,2955379599,CA ‚û°Ô∏è AZ ,2023-01-15 01:10:35,LAST TIME FOR THIS SEASON #Seahawks https://t.co/GXGXliiDZX,1,Twitter for iPhone,
Dan Manucci,426407477,"Phoenix, AZ",2023-01-15 01:07:01,Keep on @brockpurdy13! Great game for the @49ers as they beat the @Seahawks 41-23! Kept on Brock! Lab work paying o‚Ä¶ https://t.co/4NvMwUB97r,7,Twitter for iPhone,
Andy Greenberg,225669465,"Scottsdale, AZ",2023-01-15 00:58:35,"This #Seahawks season was a MASSIVE success!

-Playoff appearance
-Hit after hit in the draft class
-Geno career re‚Ä¶ https://t.co/ijGOOPnqFv",0,Twitter for iPhone,
Mobee,1578835697397428224,Phoenix Az,2023-01-15 00:56:41,"@Seahawks @Toyota Ok, Geno, quit worrying about what pete thinks. Just shut out his voice, and play. Dont hold back‚Ä¶ https://t.co/LmRJMc8eJY",0,Twitter Web App,
Katherine Dwyer,1570155965030473729,"Phoenix, AZ",2023-01-15 00:53:57,I‚Äôd rather see the Lions here today! Sorry Seahawks! #SFvsSEA,0,Twitter for iPhone,
Jonathaniel Daniel,2956799239,"Phoenix, AZ",2023-01-15 00:49:29,@Seahawks @Toyota After talking all that shit‚Ä¶ https://t.co/Sh7y0mOTrO,0,Twitter for iPhone,
Isaac ‚òÄÔ∏è (24-24),871036856434950144,"Phoenix, AZ",2023-01-15 00:48:55,@KrookediSpencer I said I‚Äôm more loyal to Seattle sports than AZ sports. I am a Seahawks and Mariners fan after all,0,Twitter for iPhone,
Greg Plank,1511134774655545352,"Goodyear, AZ",2023-01-15 00:47:22,@FieldGulls They were absolutely exposed in the 2nd half. The 49‚Äôers made halftime adjustments and the Seahawks wer‚Ä¶ https://t.co/5ML0oB6Cw9,0,Twitter for iPhone,
Spencer,2919234474,Phoenix,2023-01-15 00:45:24,@mikalbridge The Seahawks getting blown out make you not want to be a Suns fan lol wut,0,Twitter for iPhone,
KP,233611676,"Phoenix, AZ",2023-01-15 00:43:49,"Seattle poked the bear and f'd around and found out.

https://t.co/HX5yLdLJFY",6,TweetDeck,
Isaac ‚òÄÔ∏è (24-24),871036856434950144,"Phoenix, AZ",2023-01-15 00:41:13,"This is how I know I‚Äôll have no problem switching to the SuperSonics when they return. 

Pretty embarrassed to be a‚Ä¶ https://t.co/gQqdExNeyX",0,Twitter for iPhone,
Kurtis,1489305024773636096,Peoria,2023-01-15 00:39:45,If you bet the Seahawks +17.5 that‚Äôs on you! https://t.co/ysozsWs4OR,0,Twitter for iPhone,
Mark Harris,2620489274,PHX,2023-01-15 00:37:49,The #Seahawks could use every single one of their draft picks on defense and I wouldn‚Äôt be mad,0,Twitter for iPhone,
Isaac ‚òÄÔ∏è (24-24),871036856434950144,"Phoenix, AZ",2023-01-15 00:37:19,Proud of the season we had. #Seahawks,1,Twitter for iPhone,
KINGDOM JEFF ‚ù§Ô∏èüèàüèπüíõ,1340326398,"Phoenix, AZ",2023-01-15 00:35:50,@Seahawks Show ends.,0,Twitter for iPhone,
Cha's dad,752219366016421889,"Phoenix, AZ",2023-01-15 00:35:18,"Fox announcer just said people thought Seahawks would win 4-5 games and go 9-8, WHAT?",0,Twitter for Android,
KINGDOM JEFF ‚ù§Ô∏èüèàüèπüíõ,1340326398,"Phoenix, AZ",2023-01-15 00:34:27,"FINAL IN SANTA CLARA, CA 

7Ô∏è‚É£ @Seahawks 2Ô∏è‚É£3Ô∏è‚É£
2Ô∏è‚É£ @49ers 4Ô∏è‚É£1Ô∏è‚É£

B. Purdy 18/30 332 3 TD 1 RUSH
C. McCaffery 17/1‚Ä¶ https://t.co/vFBifPzgVJ",2,Twitter for iPhone,
MT,1241854528304984064,"Phoenix, AZ",2023-01-15 00:33:40,@rainnwilson @Seahawks Young and overachieving team!,0,Twitter for iPad,
Janoya14,1340954508294164483,"Glendale, AZ",2023-01-15 00:32:30,@Seahawks You bunch of jabroniesü§£ü§£ü§£ü§£ü§£ü§£ü§£,0,Twitter for Android,
Isaiah Huston,513621229,"Scottsdale, AZ",2023-01-15 00:31:59,Seahawks plus 17.5 and they lose by 18 I can‚Äôt make this stuff up smh,0,Twitter for iPhone,
mase,1506601844763729924,,2023-01-15 00:24:04,the seahawks don‚Äôt think they gone win like dis righ,0,Twitter for iPhone,
Hector Lopez,1460477733780144130,"Phoenix, AZ",2023-01-15 00:23:15,Seahawks didn‚Äôt deserve to be in playoffs!! Refs stole this outcome from Lions!!!,0,Twitter for iPhone,
KINGDOM JEFF ‚ù§Ô∏èüèàüèπüíõ,1340326398,"Phoenix, AZ",2023-01-15 00:22:23,The Seattle Seahawks conclude their season 9-9 &amp; have the No. 5 Pick in the NFL DRAFT.,0,Twitter for iPhone,
winewitch1111,1412149919347986443,"Phoenix, AZ",2023-01-15 00:20:27,Let‚Äôs guess how many times the @Seahawks get called for ineligible player Down field?,0,Twitter for iPad,
Mr. Argue,1500365596264779776,"Phoenix, AZ",2023-01-15 00:20:02,@Seahawks Change the damn kick returner already wtf He legit runs right into the pile on the 20yd line every damn time stoooopid #Seahawks,0,Twitter for iPhone,
Branden Marotta,4720132772,"Phoenix, AZ",2023-01-15 00:19:17,"Good news: The Seahawks are gonna lose
Bad news: The Niners are gonna win",0,Twitter for Android,
Mr. Argue,1500365596264779776,"Phoenix, AZ",2023-01-15 00:18:37,@Seahawks Shut up.,0,Twitter for iPhone,
Unky,424619426,"Phoenix, AZ",2023-01-15 00:18:19,Left the function and seen the Seahawks down 41 to 17. Crazy,0,Twitter for Android,
Luke Lapinski,58324585,"Phoenix, AZ",2023-01-15 00:16:43,Seahawks about to go on Kliff‚Äôs One-Way-Ticket-to-Thailand plan.,0,Twitter for iPhone,
PHX B,1383575316879208456,"Peoria, AZ",2023-01-15 00:14:24,Niners got the Seahawks with they head hanging off the side of the bed smh,0,Twitter for iPhone,
Cole Outlaw,3166170648,"Surprise,AZ ",2023-01-15 00:14:23,"I was surprised Seahawks even made it to the playoffs &amp; I am sure they will do even better next season.
#GoHawks",0,Twitter for iPhone,
DVD,1075460130689376257,"Scottsdale, AZ",2023-01-15 00:12:56,49ers could‚Äôve at least bought the Seahawks dinner before they destroyed them like this,0,Twitter for iPhone,
Astoban‚òÑÔ∏è,1432262524607492099,Phoenix,2023-01-15 00:10:02,"@tomgrossicomedy Cardinals own the Seahawks, lmao.",0,Twitter for iPhone,
Mr. Argue,1500365596264779776,"Phoenix, AZ",2023-01-15 00:09:59,Wow. @Seahawks Talk about walking away from a game when ya winning it SMH and yet the side line is saying calm down‚Ä¶ https://t.co/S0lQ5Xje5J,0,Twitter for iPhone,
DOM,814512636427530240,"Phoenix, AZ",2023-01-15 00:09:39,Seahawks getting violated,0,Twitter for iPhone,
Isaac ‚òÄÔ∏è (24-24),871036856434950144,"Phoenix, AZ",2023-01-15 00:08:55,@CGBBURNER @highlghtheaven That‚Äôs why they lost to the Seahawks right,0,Twitter for iPhone,
Phil,1075805718563971072,"Phoenix, AZ",2023-01-15 00:08:52,Seahawks really went into half up 1pt and thought they was fine and made no changes üòí,0,Twitter for iPhone,
chihuahuamom,24645406,"Phoenix, AZ",2023-01-15 00:08:24,I‚Äôve seen enough üò¢ #seahawks,0,Twitter for iPhone,
Janoya14,1340954508294164483,"Glendale, AZ",2023-01-15 00:07:59,Seattle already packing it inü§£ü§£ü§£ü§£ü§£ü§£ @Seahawks,0,Twitter for Android,
Isaac ‚òÄÔ∏è (24-24),871036856434950144,"Phoenix, AZ",2023-01-15 00:07:58,@highlghtheaven Seahawks beat them,1,Twitter for iPhone,
Richie Bradshaw,419059025,"Surprise, AZ",2023-01-15 00:07:34,Seahawks getting run off the field,0,Twitter for iPhone,
StephonK.,29150830,"Phoenix, AZ",2023-01-15 00:07:34,The 9ers are putting a certain extremity in every hole of the Seahawks in this second half,0,Twitter for iPhone,
nate hughes üá∫üá¶,256965082,phoenix,2023-01-15 00:07:32,"Oh yes! Kicking the Seahawks ass! Nothing more beautiful!!!
#49erFaithful",0,Twitter for iPhone,
Anthony üî∞ ÂúüÁùÄ,4098501133,"Phoenix, AZ",2023-01-15 00:07:09,this Seahawks Niners game got out of reach fast,0,Twitter for Android,
Colton Phillips-Koch,1182878656558845953,"Phoenix, AZ",2023-01-15 00:06:28,@doulbedoink Tbf I would say the Seahawks are a good team who could hang with every other nfc playoff team they just ran into a buzzsaw,0,Twitter for iPhone,
JeffreyD ‚ö°Ô∏è,366828941,"Phoenix, AZ",2023-01-15 00:04:58,"@Seahawks it's time to invest in your front 7. 

Sincerely,

A Concerned 12th Man.",0,Twitter Web App,
Sneakatoke,129605255,"Phoenix, AZ",2023-01-15 00:04:51,At least I still have the #BillsMafia!!  #Seahawks https://t.co/lJig63H9XT,0,Twitter for iPhone,
NPiRSprtz üá∫üá¶ –°–ª–∞–≤–∞ –£–∫—Ä–∞—ó–Ω—ñ!! Stop the war!!,1185766026790592512,"Goodyear, AZ",2023-01-15 00:04:45,Deebo with the dagger to the #Seahawks!!! #SuperWildCard #FTTB #SEAvsSF https://t.co/iKDdJmoGeu,0,Clippit,
Caleb Duarte,137819016,"Phoenix, AZ",2023-01-15 00:04:08,"DEEBO. 

TWIST HIS ANKLE YOU BUMS @Seahawks !!",0,Twitter for iPhone,
Ky,3854226074,"Phoenix, AZ",2023-01-15 00:04:04,The season was a win in my book. Only up from here #Seahawks,0,Twitter for iPhone,
Big D,223489297,"Phoenix, AZ",2023-01-15 00:03:21,Purdy gives the Seahawks a fear boner.,0,Twitter for iPhone,
Sneakatoke,129605255,"Phoenix, AZ",2023-01-15 00:03:18,"Well fuck, that is the game. Much rebuilding and we‚Äôll be back better than ever next year! I‚Äôm happy Russell Wilson‚Ä¶ https://t.co/9nV3Q1UjJA",0,Twitter for iPhone,
Jacob Alvord,935007457,"Phoenix, AZ",2023-01-15 00:02:53,@NotSaulGoodMan_ @NFL @Seahawks Welp. üòÇ,0,Twitter for Android,
mark,1274128734472175616,"Scottsdale, AZ",2023-01-15 00:02:53,Prayers down @Seahawks,0,Twitter for iPhone,
InuHanyou1701 üè≥Ô∏è‚Äçüåà üá∫üá¶,398561773,"Phoenix, AZ",2023-01-15 00:02:47,That should put this game away. I love it when the Seahawks lose. üòÑ,0,Twitter for iPhone,
Kevin,248511770,"Phoenix, AZ",2023-01-14 23:59:57,FOX playing you had a bad day while showing the seahawks is perfect,0,Twitter for iPhone,
Yotes HereToStay in Tempe,275596863,"Peoria, AZ",2023-01-14 23:59:40,Seahawks falling apart and I love it. #SFvsSEA #NFLWildCard,0,Twitter for Android,
Andrew Black,1427626791724793859,"Phoenix, AZ",2023-01-14 23:55:53,This game is so fucking fixed @Seahawks,0,Twitter for iPhone,
Fw,213395081,"Phoenix, AZ",2023-01-14 23:54:38,Why Seahawks beefn wit a team they havent beat once this year. Lol,0,Twitter for iPhone,
Ryan Foster,282356476,"Scottsdale, AZ",2023-01-14 23:52:29,@YaySports22 @SportsCenter @ESPNNFL @Seahawks Brock Purdy,0,Twitter for iPhone,
Sneakatoke,129605255,"Phoenix, AZ",2023-01-14 23:49:47,Fuuuuck man!! #Seahawks https://t.co/sFezl8srRn,0,Twitter for iPhone,
nate hughes üá∫üá¶,256965082,phoenix,2023-01-14 23:49:40,"I hate the Dodgers most, but VERY VERY close is the Seahawks.",0,Twitter for iPhone,
jwon,1351845565823213572,"Phoenix, AZ",2023-01-14 23:44:35,@Seahawks @dkm14 pls make a stop please,0,Twitter Web App,
Hector Lopez,1460477733780144130,"Phoenix, AZ",2023-01-14 23:43:18,Good game Seahawks but it‚Äôs over now,0,Twitter for iPhone,
E. S. Gibson,1158562147581845504,"Phoenix, AZ",2023-01-14 23:42:13,"Caling it now, that heartbroken Seahawks fan is going to be a meme soon",0,Twitter for Android,
Isaac ‚òÄÔ∏è (24-24),871036856434950144,"Phoenix, AZ",2023-01-14 23:41:37,@RealLifeWZRD Seahawks fumbled,0,Twitter for iPhone,
NPiRSprtz üá∫üá¶ –°–ª–∞–≤–∞ –£–∫—Ä–∞—ó–Ω—ñ!! Stop the war!!,1185766026790592512,"Goodyear, AZ",2023-01-14 23:40:50,49ers D stepping up &amp; this is the Geno Smith we've come to know &amp; love. #SuperWildCard #FTTB #Seahawks #SEAvsSF https://t.co/ohgVeIlGbq,0,Clippit,
Tried And Still True,1344066895,"Arizona, USA",2023-01-14 23:39:58,Just got home and wtf Seahawks ü§¨,0,Twitter for Android,
üèÇ,131239325,"Phoenix, AZ",2023-01-14 23:39:12,Seahawks left tackle was fucking clueless smh,0,Twitter for iPhone,
BAD BEE,128127972,PHX. ,2023-01-14 23:36:57,Seahawks keeping it interesting.,0,Twitter for iPhone,
Josh,171202876,The Citadel,2023-01-14 23:35:52,A whole ass man https://t.co/bIz36bSTsk,0,Twitter for iPhone,
james üß¨,230824979,"Phoenix, AZ",2023-01-14 23:35:20,Nah but the Seahawks are showing why Brady could make another SB run. All you need is some dawgs,0,Twitter for iPhone,
Martha,3235287085,"Phoenix, AZ",2023-01-14 23:35:07,@TheStonedKitty1 @JanetBelcher19 @DeirdreKrenz @KaresKaren @TransbianGrace @AngieFalangi @MelissaCoy419‚Ä¶ https://t.co/fdB00BXPZO,0,Twitter for iPhone,
Sneakatoke,129605255,"Phoenix, AZ",2023-01-14 23:32:27,Come on Hawks let‚Äôs keep it together and WIN this game!!!  #Seahawks,0,Twitter for iPhone,
Davey Death Ray,128469907,"Phoenix, AZ",2023-01-14 23:28:46,@richeisen @49ers The refs need to wake up and keep an eye out for the Seahawks personal foul/unsportsmanlike play‚Ä¶ https://t.co/Su6VlpkAEG,0,Twitter for iPhone,
GolfNewsGo,1575899915145781248,"Scottsdale, AZ",2023-01-14 23:28:32,"PGATOUR: Golf first, football second.

@AndrewPutnam1 couldn't wait to watch his @Seahawks after his post-round int‚Ä¶ https://t.co/mjWgeMQfGK",0,IFTTT,
Hannah Hamilton,1556468272945475584,"Phoenix, AZ",2023-01-14 23:25:08,@Seahawks Yah where big cock Brock scored on y‚Äôall,0,Twitter for iPhone,
Scotty Dean,1545660038454226945,"Phoenix, AZ",2023-01-14 23:24:43,@PHXFansApp Seahawks,0,Twitter for iPhone,
Davey Death Ray,128469907,"Phoenix, AZ",2023-01-14 23:21:59,@RGIII I still wish Shanahan didn‚Äôt let you go out and play in the Seahawks playoff game. You mighta still been pla‚Ä¶ https://t.co/zoP8zuQbu9,0,Twitter for iPhone,
Davey Death Ray,128469907,"Phoenix, AZ",2023-01-14 23:20:17,@richeisen I don‚Äôt get the refs missing every personal foul the Seahawks commit,0,Twitter for iPhone,
Mathew,984678274319069184,"Glendale, AZ",2023-01-14 23:19:26,#23 from the Seahawks is a BUM,0,Twitter for Android,
Caleb Duarte,137819016,"Phoenix, AZ",2023-01-14 23:18:49,F the Seahawks. Low blow.,0,Twitter for iPhone,
KINGDOM JEFF ‚ù§Ô∏èüèàüèπüíõ,1340326398,"Phoenix, AZ",2023-01-14 23:18:20,The real mediocre Seahawks can appear now. This is strange.,0,Twitter for iPhone,
Josh,171202876,The Citadel,2023-01-14 23:07:29,When I watch the Seahawks in a big game https://t.co/cZ8O39UzjK,0,Twitter for iPhone,
Burt Macklin,28537006,"Phoenix, AZ",2023-01-14 23:02:47,I‚Äôm not saying the Ward penalty shouldn‚Äôt have been called because that‚Äôs a textbook penalty. But you can‚Äôt call th‚Ä¶ https://t.co/nWBQYLteC5,0,Twitter for iPhone,
Jacob Alvord,935007457,"Phoenix, AZ",2023-01-14 23:02:13,@NotSaulGoodMan_ @NFL @Seahawks Hawks +9.5 is looking like free money. Divisional game. It's gonna be close.,0,Twitter for Android,
10,63296151,"Phoenix, AZ",2023-01-14 23:01:34,"@49ers are such a dirty team. Every year they must tell their players to hurt other players, especially the QB. The‚Ä¶ https://t.co/Icd5EfuWqq",0,Twitter for iPhone,
chihuahuamom,24645406,"Phoenix, AZ",2023-01-14 23:01:30,@PrideOfDetroit @Seahawks If we win today I will chip in üíôüíöüíôüíö,0,Twitter for iPhone,
NPiRSprtz üá∫üá¶ –°–ª–∞–≤–∞ –£–∫—Ä–∞—ó–Ω—ñ!! Stop the war!!,1185766026790592512,"Goodyear, AZ",2023-01-14 23:01:16,"Dumb penalty by Jimmie Ward, but a smart gamble by Geno Smith sliding down risking the clock running out &amp; getting‚Ä¶ https://t.co/omBkDammtW",0,Twitter Web App,
Alex Clancy,310362110,"Scottsdale, AZ",2023-01-14 22:59:15,I said last year that the best case scenario for the Arizona Cardinals was if the LA Rams won the Super Bowl becaus‚Ä¶ https://t.co/tr2XWKlPP9,0,Twitter Web App,
Be Right Back,141329950,"Phoenix, AZ",2023-01-14 22:59:15,@SkyBlue_Am He had Seahawks first half money line‚Ä¶,0,Twitter for iPhone,
DT,2344163382,"Phoenix, AZ",2023-01-14 22:59:04,Seahawks ML first half betters goin up right now,0,Twitter for iPhone,
Josh,171202876,The Citadel,2023-01-14 22:58:58,SEAHAWKS BABY,0,Twitter for iPhone,
SB LVII CHIEFS vs ?,1041562185325920257,"Goodyear, AZ",2023-01-14 22:58:47,"Man, the Seahawks are hanging in there üëçüèº",0,Twitter for iPhone,
Dyll‚ôäÔ∏è,1030193445514563584,"Phoenix, AZ",2023-01-14 22:58:26,Go Seahawks,0,Twitter for iPhone,
Alexa Tieu Whippo,45517832,"Phoenix, AZ",2023-01-14 22:58:24,Into the half with the lead!! @Seahawks @12s,0,Twitter for iPhone,
Tyler Herrick,17456631,PHX,2023-01-14 22:57:42,@AaronNagler Seahawks winning the mental game rn,0,Twitter for iPhone,
james üß¨,230824979,"Phoenix, AZ",2023-01-14 22:57:35,im the biggest seahawks fan rn,0,TweetDeck,
parlay paul,376113799,South Phoenix,2023-01-14 22:54:58,The Seahawks have a Michael Jackson and a Coby Bryant lol,1,Twitter for iPhone,
Dyll‚ôäÔ∏è,1030193445514563584,"Phoenix, AZ",2023-01-14 22:53:52,Seahawks have missed about 4 opportunities to get an interception,0,Twitter for iPhone,
Isaac ‚òÄÔ∏è (24-24),871036856434950144,"Phoenix, AZ",2023-01-14 22:49:48,@SunsFuckingSuck Seahawks have a rookie CB named Coby Bryant,0,Twitter for iPhone,
Jordan,295418376,"Phoenix, AZ",2023-01-14 22:47:22,Give us Drew back @Seahawks,0,Twitter for iPhone,
Hannah Hamilton,1556468272945475584,"Phoenix, AZ",2023-01-14 22:44:40,CALL THE @Seahawks FOR THE HOLDS DAMN IT!!!! THEY PULLING GUYS TO THE GROUND METCALF PUSHING OFF WARD,0,Twitter for iPhone,
JCons,2531453483,"Phoenix, AZ",2023-01-14 22:42:13,Don‚Äôt let us down!! @Kyle253_ @Seahawks,0,Twitter for iPhone,
Rosie,858398171952631808,"Phoenix, AZ",2023-01-14 22:39:10,I want the Seahawks to win today!,0,Twitter for iPhone,
NPiRSprtz üá∫üá¶ –°–ª–∞–≤–∞ –£–∫—Ä–∞—ó–Ω—ñ!! Stop the war!!,1185766026790592512,"Goodyear, AZ",2023-01-14 22:36:32,"How ironic the sun &amp; blue skies break out in Santa Clara, but it's the #Seahawks shining through &amp; giving the 49ers‚Ä¶ https://t.co/KwHs6KIprQ",0,Twitter Web App,
chihuahuamom,24645406,"Phoenix, AZ",2023-01-14 22:35:55,@Seahawks We‚Äôre winning üòçüòçüòçüíöüíöüíöüíôüíôüíôüòçüòçüòç,0,Twitter for iPhone,
HecTor,25103870,"Goodyear, az
",2023-01-14 22:35:47,@PHXFansApp Seahawks,0,Twitter for iPhone,
Alexa Tieu Whippo,45517832,"Phoenix, AZ",2023-01-14 22:35:30,Yayerrrrr @GenoSmith3 with the air out and @dkm14 doing DK thiiiiingssssss @Seahawks,0,Twitter for iPhone,
james üß¨,230824979,"Phoenix, AZ",2023-01-14 22:35:21,Seahawks üëÄüëÄüëÄ,0,Twitter for iPhone,
Ky,3854226074,"Phoenix, AZ",2023-01-14 22:29:24,"@A_G_Haubner Andrew plz stop, we need a Seahawks dub brother!",0,Twitter for iPhone,
Marquis,1065048836052201473,PHX,2023-01-14 22:28:46,Do i want Seahawks to win for @mikalbridge or do i want them to fail because of @mikalbridge,0,Twitter for iPhone,
Bill AlvstadüéôÔ∏è,1195324231,"Phoenix, AZ",2023-01-14 22:18:27,@Will_NFLSeattle @ProFootballTalk I see it a bit different. Geno knows it's a business. He's fine. He also sees the‚Ä¶ https://t.co/iFwki7tqOO,0,Twitter for Android,
Isaac ‚òÄÔ∏è (24-24),871036856434950144,"Phoenix, AZ",2023-01-14 22:16:31,@Seahawks @Kenneth_Walker9 My OROY,0,Twitter for iPhone,
james üß¨,230824979,"Phoenix, AZ",2023-01-14 22:16:27,Seahawks really really needed that drive &amp; it was perfect,0,Twitter for iPhone,
Hannah Hamilton,1556468272945475584,"Phoenix, AZ",2023-01-14 22:16:13,Ceiling can‚Äôt hold us is the only song @Seahawks know üòÇ MOVE ON,0,Twitter for iPhone,
Big D,223489297,"Phoenix, AZ",2023-01-14 22:16:04,Wow I saw two different players holding on that touchdown by the Seahawks.  WTF refs.,0,Twitter for iPhone,
Gabby Moreno,74365659,"Phoenix, AZ",2023-01-14 22:15:51,@Seahawks That drive üî• Defense needs to step it up!! Let‚Äôs go Hawks!!,0,Twitter for iPhone,
Tyler Herrick,17456631,PHX,2023-01-14 22:15:00,hate the niners. hate the Seahawks. Love chaos tho‚Ä¶ so go Seahawks.,1,Twitter for iPhone,
Andrew Black,1427626791724793859,"Phoenix, AZ",2023-01-14 22:11:45,49er fans chanting ‚ÄúDefense‚Äù ‚Ä¶ this isn‚Äôt the NBA lmfao @Seahawks,0,Twitter for iPhone,
üé∂A Whole New Tim (don't u dare close ur eyes)üé∂,253209135,"Peoria, AZ",2023-01-14 22:08:34,"Long, run-heavy Seahawks drives that run the clock and tire out the defense should be Seattle's recipe for success,‚Ä¶ https://t.co/WogQqlNEEN",0,Twitter for Android,
Andrew Black,1427626791724793859,"Phoenix, AZ",2023-01-14 22:04:50,Wish this team had Alton Robinson this season @Seahawks,0,Twitter for iPhone,
Sneakatoke,129605255,"Phoenix, AZ",2023-01-14 22:04:38,Phew!!  #Seahawks,0,Twitter for iPhone,
Stanley Rodrigo,819807847596703752,"Phoenix, AZ",2023-01-14 22:01:35,"@Corpsockmonkey The Vikes will really appreciate a Seahawks win today to, so thanks for the support!",0,Twitter for iPhone,
Andrew Black,1427626791724793859,"Phoenix, AZ",2023-01-14 22:00:23,Will never understand why Bruce Irvin starts over Taylor @Seahawks,0,Twitter for iPhone,
Kurt Warner,138134695,"Phoenix, AZ",2023-01-14 22:00:13,"If the @Seahawks give @brockpurdy13 that much time that he can find wide open checkdowns, this thing will be over q‚Ä¶ https://t.co/uCuZtBBJNL",9,Twitter for iPhone,
ü¶à,2955379599,CA ‚û°Ô∏è AZ ,2023-01-14 21:55:47,Big run check down check down check down like bro come on Seahawks DC is so trash,0,Twitter for iPhone,
mikeG,4236537432,"Avondale, AZ",2023-01-14 21:55:15,"Not looking good at all for the @Seahawks.
#12thMan @49ers #NinerNation",0,Twitter for Android,
CBell üèÇ,1170623504,"Phoenix, AZ",2023-01-14 21:55:07,Seahawks sad asf I wish Lions got in,0,Twitter for iPhone,
Sneakatoke,129605255,"Phoenix, AZ",2023-01-14 21:54:12,Nor and I!! Let‚Äôs drink that @redbull Hawks and smash these mother fuckers!! #Seahawks #PlayoffWeekend #Playoffs https://t.co/bBij82KFpI,0,Twitter for iPhone,
Sneakatoke,129605255,"Phoenix, AZ",2023-01-14 21:51:07,HHHAAWWWKKKSSS!!!  #Seahawks https://t.co/ptTQ7DuX98,0,Twitter for iPhone,
Hannah Hamilton,1556468272945475584,"Phoenix, AZ",2023-01-14 21:49:49,@Seahawks SeaaaaaSACK ‚ù§Ô∏èüíõ,0,Twitter for iPhone,
Sneakatoke,129605255,"Phoenix, AZ",2023-01-14 21:47:55,Good effort!! @GenoSmith3 #Seahawks,0,Twitter for iPhone,
Deonte Thompson,1209117074041135104,"El Mirage, AZ",2023-01-14 21:46:41,@Seahawks U aint gonna run on them. U need scrambles,0,Twitter for iPhone,
Drew,539272955,PHX,2023-01-14 21:46:10,"I got the Seahawks +17.5, it‚Äôs safe to say we have lost all confidence on FanDuel",0,Twitter for iPhone,
Deonte Thompson,1209117074041135104,"El Mirage, AZ",2023-01-14 21:45:54,@Seahawks Cmon u guys got this,0,Twitter for iPhone,
J Shirk,1528842607,"Peoria, AZ",2023-01-14 21:42:46,@Seahawks HAWKS!!!!!,0,Twitter for iPhone,
Sneakatoke,129605255,"Phoenix, AZ",2023-01-14 21:36:34,NOT a great start but we got this!!  #Seahawks https://t.co/mnfqJANiut,0,Twitter for iPhone,
Mitchell,402282802,"Phoenix, AZ",2023-01-14 21:32:17,"@ilikedlions Seahawks donated to the Lions charities today or yesterday for beating the packers, allowing the Seaha‚Ä¶ https://t.co/KZwjNBDmXb",0,Twitter for iPhone,
Isaiah Huston,513621229,"Scottsdale, AZ",2023-01-14 21:32:07,"Seahawks keep it close but 49ers too talented, Jaguars beat the Chargers ü§òüèΩ",0,Twitter for iPhone,
Alex Selee,1770818983,"Phoenix, AZ",2023-01-14 21:31:31,"@Seahawks Surprise, Arizona! https://t.co/IvpM9TFdqY",0,Twitter for iPhone,
breluventertainment,32757860,"Phoenix, AZ",2023-01-14 21:29:40,@wolf987FM @mikejurecki going with @Seahawks for the win just like Tom Brady you can't bet against  #PetCarroll and‚Ä¶ https://t.co/kL09bwbCFe,0,Twitter for Android,
Kaleb Ivy,354300638,"Phoenix, AZ",2023-01-14 21:28:24,"Seahawks +9.5 for me 

What yall got?",0,Twitter for iPhone,
Weekly Profit,924813525226225666,"Scottsdale, AZ",2023-01-14 21:07:50,"We will have CBB a little later, let‚Äôs get some action on the first üèà game 

üèàSeattle Seahawks +9.5 2u

BIG SWEEP L‚Ä¶ https://t.co/45xMxDY17Y",0,Twitter for iPhone,
Scott Allen,29880152,"Phoenix, Arizona",2023-01-14 21:07:36,"@FanDuel 49ers 31
Seahawks 14",0,Twitter Web App,
Dee,986388827311767557,"Phoenix, AZ",2023-01-14 20:57:35,My bet on the Seahawks w the upset ü´°,0,Twitter for iPhone,
Alex Selee,1770818983,"Phoenix, AZ",2023-01-14 20:56:27,@QuentinRaiders @NFL @Seahawks Cause you bet on them üòÇ,0,Twitter for iPhone,
mikeG,4236537432,"Avondale, AZ",2023-01-14 20:46:57,@ScooterMagruder Seahawks,0,Twitter for Android,
Alex Selee,1770818983,"Phoenix, AZ",2023-01-14 20:33:42,@QuentinRaiders @NFL @Seahawks I would love a W,0,Twitter for iPhone,
Bill AlvstadüéôÔ∏è,1195324231,"Phoenix, AZ",2023-01-14 20:24:29,"@Will_NFLSeattle @ProFootballTalk Leak doesn't necessarily mean it's 100% false. However, you are correct about lev‚Ä¶ https://t.co/OSZFsY4V67",1,Twitter for Android,
Kobe Forever,30180368,"Phoenix, AZ",2023-01-14 20:21:47,Who got that Fred Warner Seahawks TikTok. I need to get amped. Been waiting all year for playoff football!! #FTTB,0,Twitter for iPhone,
TRL,1501235589051387908,"Phoenix, AZ",2023-01-14 20:15:39,I‚Äôll be streaming the Seahawks and Niners soon for another NFC West playoff match. Hope to see you there,0,Twitter for iPhone,
Luz Rodriguez,601517135,,2023-01-14 20:00:38,@PHXFansApp Neither but I guess we have to pick one and that would be the Seahawks,0,Twitter for iPhone,
KINGDOM JEFF ‚ù§Ô∏èüèàüèπüíõ,1340326398,"Phoenix, AZ",2023-01-14 19:53:33,"Lets get some damn upsets! Cheers üçªüç∫ü•É to all invited... 

#Seahawks | #FTTB 
#BoltUp| #DUUUVAL 
#FinsUp |‚Ä¶ https://t.co/un9fzVYcsc",0,Twitter for iPhone,
Neli Pao Emu,1291812764030181376,"Peoria, AZ ",2023-01-14 19:28:48,"@ShopBeerGearUS @budlight Seattle Seahawks
#SBGUltimateFan #Giveaway",0,Twitter Web App,
Rami Sibai,3164317868,"Scottsdale, AZ",2023-01-14 19:25:03,Seahawks ML @ +430 is quickest way to beef up the bankroll coming into this weekend. #SibaiWisdom #GoHawks,0,Twitter for iPhone,
Kurt Warner,138134695,"Phoenix, AZ",2023-01-14 19:22:11,@AjGrotness1 @49ers @Seahawks @QBConfidential I can‚Äôt break down every matchup every week - sorry!! I‚Äôm doing my be‚Ä¶ https://t.co/HTWf8Q91oR,0,Twitter for iPhone,
Dalton Kates,963466083670700032,"Scottsdale, AZ",2023-01-14 19:22:08,"@FrickenFreezing @ConnorAllenNFL I‚Äôm only half trolling, but Seahawks run D sucks and Elijah was involved a ton even with CMC",0,Twitter for iPhone,
Taylor Blitz Times,1216255729968893954,"Phoenix, AZ",2023-01-14 19:10:22,2023 NFC Wildcard: San Francisco 49ers v Seattle¬†Seahawks https://t.co/RWgiKNDDkE,0,Jetpack.com,
Scott Allen,29880152,"Phoenix, Arizona",2023-01-14 19:06:53,"@Joe_Fann 49ers 31
Seahawks 14",0,Twitter Web App,
KP,233611676,"Phoenix, AZ",2023-01-14 19:00:55,@80s_Kid4Eva 100%. last night there was a story from schefter about the refs all but fixing the seahawks/rams game last week.,0,TweetDeck,
Nicholas Pietrzycki,719257426281828358,"Phoenix, AZ",2023-01-14 18:51:32,"Predictions for tonight‚Äôs #NFLPlayoffs action: 

#SEAvsSF : 49ers (#FTTB ) over Seahawks (#Seahawks )

#LACvsJAX :‚Ä¶ https://t.co/qy71ORO5dj",0,Twitter for iPhone,
Josh Kolojeski,361729326,"Phoenix, AZ",2023-01-14 18:46:30,"Today, I think the lights are going to be too bright for Mr. Irrelevant and he makes a couple of mistakes that lead‚Ä¶ https://t.co/vV9a0QuEjc",0,Twitter for iPhone,
Josh Kolojeski,361729326,"Phoenix, AZ",2023-01-14 18:30:45,"Playoff Power Rankings based on who  I‚Äôm rooting for most to least

1. Vikings
2. Bills
3. Bengals
4. Cowboys
5. Do‚Ä¶ https://t.co/Wuf5D40BeC",0,Twitter for iPhone,
Kate Johnson üíâüåµüòéü•Çüè¥Û†ÅßÛ†Å¢Û†Å•Û†ÅÆÛ†ÅßÛ†Åø,424589265,"Peoria, AZ",2023-01-14 18:24:48,"#GoHawks! #WeAre12 #Seahawks 
Cheering you on from the desert üåµ https://t.co/R8h8giRS9r",0,Twitter for iPhone,
PHX Fans,1362182756822781952,PHX,2023-01-14 18:23:16,"Cards fans, who do you want to win today, Seahawks or Niners?",3,Twitter for iPhone,
Andrew Black,1427626791724793859,"Phoenix, AZ",2023-01-14 18:15:36,Lol it is rich how there were a couple calls that finally went our way in a game and immediately ESPN calls it out.‚Ä¶ https://t.co/SKy5K6GZLZ,0,Twitter for iPhone,
Hector Lopez,1460477733780144130,"Phoenix, AZ",2023-01-14 17:52:48,@ubathediplomat @es3_09 Seahawks will have to eliminate turnovers as-well because that Niners defense proved it can‚Ä¶ https://t.co/2z0RJSRfrR,0,Twitter for iPhone,
Flora Munguia,1002792417274150917,"Goodyear, AZ",2023-01-14 17:48:10,@StadiumLites Seahawks 15 - 21 49ers,0,Twitter Web App,
Isaac ‚òÄÔ∏è (24-24),871036856434950144,"Phoenix, AZ",2023-01-14 17:32:14,The Seahawks play in a playoff game today üòé,0,Twitter for iPhone,
Tried And Still True,1344066895,"Arizona, USA",2023-01-14 17:32:14,My picks lol @Seahawks @Jaguars https://t.co/u5h8dKVqKV,0,Twitter for Android,
KatZan¬∞87,2749573925,"Phoenix, AZ",2023-01-14 17:22:00,@bobbyfromsea @captainseahawk @Seahawks Yeah because DK is looking for pointers from a random twitter user üòÇüòÇüòÇ,0,Twitter for iPhone,
Alex Selee,1770818983,"Phoenix, AZ",2023-01-14 17:19:04,Todays a great day to beat the n*ners!! @Seahawks,0,Twitter for iPhone,
Richard Mulder ‚ö°,1217127850731433984,"Phoenix, AZ",2023-01-14 17:10:06,@madbrad171 @Lions @Seahawks @12s That is outstanding,0,Twitter for Android,
Nick,827244259388465152,"Phoenix, AZ",2023-01-14 17:00:16,Seahawks upset 49ers today ü§î might have to throw some mula on it,0,Twitter for iPhone,
Papamike,1363296406954414081,"Phoenix, AZ",2023-01-14 16:48:41,"@CohensCornerAZ @SportsLine I'm not sure about your college picks, but I do like the 49ers/Seahawks Over 42 pick.",0,Twitter for Android,
G.Schmidty,961285608638365697,"Phoenix, AZ",2023-01-14 15:38:57,"49ers over Seahawks, Bills over Dolphins.",0,Twitter for iPhone,
TheCardsWire,738878491068911616,"Phoenix, AZ",2023-01-14 15:35:32,Only one player on both teams is a former Cardinals player.  https://t.co/xMtQ3rWvXj,0,True Anthem,
Damian Adams,48442826,"Phoenix, AZ",2023-01-14 15:30:26,Hopefully for Seahawks' fans sake. DK Metcalf can prove me wrong today. https://t.co/f4RjHdX63r,8,Twitter for Android,
Matthew Oehler,1599904368,"Scottsdale, AZ",2023-01-14 15:15:07,"@billieb22 @mortreport I mean I know, it's not like the Seahawks ever lost out on bad calls. It's not like they lit‚Ä¶ https://t.co/zgoAwUAcQX",0,Twitter Web App,
Mr. Argue,1500365596264779776,"Phoenix, AZ",2023-01-14 15:10:31,@Seahawks Go Hawks! It‚Äôs time. It‚Äôs Geno time! Let Lockett loose! @TDLockett12 @dkm14 sticky hands! #WildCardGames #SuperWildCard,0,Twitter for iPhone,
Hank ü´• Official,28609706,"Phoenix, AZ",2023-01-14 14:54:49,NFL officiating under fire after Seahawks gaffes - via @ESPN App.  Make officiating a full time job! https://t.co/H6q3l7NJX4,0,Twitter for iPhone,
Andrew Goldwasser,351438154,"Phoenix, AZ",2023-01-14 14:46:15,@AdamSchefter Hopefully this can end the ‚Äòrigged‚Äô conspiracies. It was financially MUCH better for the NFL if the R‚Ä¶ https://t.co/2E4H6p3hbB,0,Twitter for iPhone,
Kurt Warner,138134695,"Phoenix, AZ",2023-01-14 14:39:07,As we prepare for ‚ÄúSuper Wild Card Weekend‚Äù thought I would repost my #StudyBall breakdown of @49ers @Seahawks befo‚Ä¶ https://t.co/1nlkFDKaNm,1,Twitter for iPhone,
Michelle,594251404,"Scottsdale, AZ",2023-01-14 14:23:29,Do I get on this flight to the Seahawks 49ers playoff game or do I sleep in,0,Twitter for iPhone,
Gabe Owens,3241638373,"Surprise, AZ",2023-01-14 13:41:44,SEAHAWKS!,0,Twitter Web App,
CAPS Sports Grill,243395766,1721 W. Rose Garden Ln Phoenix,2023-01-14 13:08:31,"WILD CARD WEEKEND!!
We OPEN at 11:00AM

2:30PM
Seahawks vs 49ers
6:15
Chargers vs Jags
HAPPY HOUR ALL DAY
Reservati‚Ä¶ https://t.co/QRmqWurNwd",0,Twitter for iPhone,
JROD and MIKAL,1544944158149709824,Phoenix ,2023-01-14 07:51:10,@mikalbridge do it seahawks winning 34-27,0,Twitter for iPhone,
"Wicked Brews, Bites and Spirits",1349215884003274752,"Phoenix, AZ",2023-01-14 07:14:26,"Saturday @NFL action! Brunching 9am-1pm, 2:30pm @Seahawks vs @49ers and 6:15 @chargers Vs @Jaguars. #nfl‚Ä¶ https://t.co/PMl0qysnXP",0,Twitter for iPhone,
Deon Johnson,52219783,"Phoenix, AZ",2023-01-14 03:05:12,49ers vs Seahawks https://t.co/3lMIbb9Vqh,1,Periscope,
Eddie_G2 üá∫üá∏,73752146,"Phoenix, AZ",2023-01-14 03:04:23,Why wait till tomorrow to watch the @49ers beat the @Seahawks‚Ä¶when you can watch #FTTB beat the #Seahawks right now‚Ä¶ https://t.co/Ua13SkFPMJ,0,Twitter for iPhone,
Isaac ‚òÄÔ∏è (24-24),871036856434950144,"Phoenix, AZ",2023-01-14 02:59:25,The universe is telling me to put $100 on a Seahawks win tmrw,0,Twitter for iPhone,
Carlos Castillo,1102399981095313409,"Phoenix, AZ",2023-01-14 02:50:55,"My Super Wild Card Weekend Predictions.

Seahawks/49ers = #FTTB 
Chargers/Jaguars = #BoltUp 
Dolphins/Bills =‚Ä¶ https://t.co/HwBIG1XEkY",0,Twitter for iPhone,
Dallas Cowboys77,1371228141843189761,"Phoenix, AZ",2023-01-14 02:15:52,"49ers vs Seahawks Saturday forecast, and anything can happen. https://t.co/jgwwi06L1N",1,Twitter for iPhone,
Deon Johnson,52219783,"Phoenix, AZ",2023-01-14 02:05:27,2 49ers vs 7 Seahawks Wild Card Weekend Matchup Preview Show | NFL Playoffs Are Here | Call In Show https://t.co/wsCBCEI0iJ,0,Periscope,
chihuahuamom,24645406,"Phoenix, AZ",2023-01-14 01:30:09,"@Seahawks @12s Just play your best, nothing to lose üíôüíöüíôüíöüíôüíöüíô #GoHawks",0,Twitter for iPad,
chihuahuamom,24645406,"Phoenix, AZ",2023-01-14 01:23:55,"@PrideOfDetroit @Seahawks Okay, but as a native Detroiter who moved to Seattle, I would root for you",0,Twitter for iPad,
Ken,756905006717018112,"Phoenix, AZ",2023-01-14 00:44:36,If the Seahawks beat the 49ers I‚Äôll kiss @chrxstopxr on Monday,0,Twitter for iPhone,
Brian Miller,36662150,"Goodyear, AZ",2023-01-14 00:23:05,@captainseahawk @Seahawks Kick their ass seabass!,0,Twitter for iPhone,
Chavez Batboy,768695381836169216,"Phoenix, AZ",2023-01-14 00:08:59,@captainseahawk @Seahawks Bend over and don‚Äôt make this harder than it has to be,0,Twitter for iPhone,
Shawna Hudson,167094063,"Phoenix, AZ",2023-01-13 23:40:01,@SauceonSports1 Seahawks üíôüíö,0,Twitter for iPhone,
